<?xml version="1.0" encoding="UTF-8"?>
<!--
  ~ Hibernate Validator, declare and validate application constraints
  ~
  ~ License: Apache License, Version 2.0
  ~ See the license.txt file in the root directory or <http://www.apache.org/licenses/LICENSE-2.0>.
  -->
<constraint-mappings
        xmlns="http://jboss.org/xml/ns/javax/validation/mapping"
        xmlns:xsi="http://www.w3.org/2001/XMLSchema-instance"
        xsi:schemaLocation="http://jboss.org/xml/ns/javax/validation/mapping validation-mapping-1.0.xsd">
    <constraint-definition annotation="javax.validation.constraints.Size">
        <validated-by include-existing-validators="false">
            <value>org.hibernate.validator.performance.statistical.StatisticalConstraintValidator</value>
        </validated-by>
    </constraint-definition>
    <constraint-definition annotation="javax.validation.constraints.Min">
        <validated-by include-existing-validators="false">
            <value>org.hibernate.validator.performance.statistical.StatisticalConstraintValidator</value>
        </validated-by>
    </constraint-definition>
    <constraint-definition annotation="javax.validation.constraints.Max">
        <validated-by include-existing-validators="false">
            <value>org.hibernate.validator.performance.statistical.StatisticalConstraintValidator</value>
        </validated-by>
    </constraint-definition>
    <constraint-definition annotation="javax.validation.constraints.Past">
        <validated-by include-existing-validators="false">
            <value>org.hibernate.validator.performance.statistical.StatisticalConstraintValidator</value>
        </validated-by>
    </constraint-definition>
    <constraint-definition annotation="javax.validation.constraints.Future">
        <validated-by include-existing-validators="false">
            <value>org.hibernate.validator.performance.statistical.StatisticalConstraintValidator</value>
        </validated-by>
    </constraint-definition>
    <constraint-definition annotation="javax.validation.constraints.Null">
        <validated-by include-existing-validators="false">
            <value>org.hibernate.validator.performance.statistical.StatisticalConstraintValidator</value>
        </validated-by>
    </constraint-definition>
    <constraint-definition annotation="javax.validation.constraints.NotNull">
        <validated-by include-existing-validators="false">
            <value>org.hibernate.validator.performance.statistical.StatisticalConstraintValidator</value>
        </validated-by>
    </constraint-definition>
    <constraint-definition annotation="javax.validation.constraints.DecimalMin">
        <validated-by include-existing-validators="false">
            <value>org.hibernate.validator.performance.statistical.StatisticalConstraintValidator</value>
        </validated-by>
    </constraint-definition>
    <constraint-definition annotation="javax.validation.constraints.DecimalMax">
        <validated-by include-existing-validators="false">
            <value>org.hibernate.validator.performance.statistical.StatisticalConstraintValidator</value>
        </validated-by>
    </constraint-definition>
    <constraint-definition annotation="javax.validation.constraints.AssertTrue">
        <validated-by include-existing-validators="false">
            <value>org.hibernate.validator.performance.statistical.StatisticalConstraintValidator</value>
        </validated-by>
    </constraint-definition>
    <constraint-definition annotation="javax.validation.constraints.AssertFalse">
        <validated-by include-existing-validators="false">
            <value>org.hibernate.validator.performance.statistical.StatisticalConstraintValidator</value>
        </validated-by>
    </constraint-definition>
    <constraint-definition annotation="javax.validation.constraints.Pattern">
        <validated-by include-existing-validators="false">
            <value>org.hibernate.validator.performance.statistical.StatisticalConstraintValidator</value>
        </validated-by>
    </constraint-definition>
</constraint-mappings>